GDAY_DS,VISIT_KEY,HOME_KEY,STADIUM
20160401,HH,LG,잠실
20160401,HT,NC,마산
20160401,KT,SK,문학
20160401,LT,WO,고척
20160401,OB,SS,대구
20160402,HH,LG,잠실
20160402,HT,NC,마산
20160402,KT,SK,문학
20160402,LT,WO,고척
20160402,OB,SS,대구
20160403,KT,SK,문학
20160403,LT,WO,고척
20160405,LG,HT,광주
20160405,NC,OB,잠실
20160405,SK,LT,사직
20160405,SS,KT,수원
20160405,WO,HH,대전
20160406,NC,OB,잠실
20160406,SK,LT,사직
20160406,SS,KT,수원
20160406,WO,HH,대전
20160407,LG,HT,광주
20160407,NC,OB,잠실
20160407,SK,LT,사직
20160407,SS,KT,수원
20160407,WO,HH,대전
20160408,HH,NC,마산
20160408,HT,KT,수원
20160408,LG,SK,문학
20160408,SS,LT,사직
20160408,WO,OB,잠실
20160409,HH,NC,마산
20160409,HT,KT,수원
20160409,LG,SK,문학
20160409,SS,LT,사직
20160409,WO,OB,잠실
20160410,HH,NC,마산
20160410,HT,KT,수원
20160410,LG,SK,문학
20160410,SS,LT,사직
20160410,WO,OB,잠실
20160412,HT,SK,문학
20160412,KT,WO,고척
20160412,LT,LG,잠실
20160412,NC,SS,대구
20160412,OB,HH,대전
20160413,HT,SK,문학
20160413,KT,WO,고척
20160413,LT,LG,잠실
20160413,NC,SS,대구
20160413,OB,HH,대전
20160414,HT,SK,문학
20160414,KT,WO,고척
20160414,LT,LG,잠실
20160414,NC,SS,대구
20160414,OB,HH,대전
20160415,LG,HH,대전
20160415,LT,NC,마산
20160415,SK,KT,수원
20160415,SS,OB,잠실
20160415,WO,HT,광주
20160417,LG,HH,대전
20160417,LT,NC,마산
20160417,SK,KT,수원
20160417,SS,OB,잠실
20160417,WO,HT,광주
20160419,HH,LT,사직
20160419,NC,LG,잠실
20160419,OB,KT,수원
20160419,SS,HT,광주
20160419,WO,SK,문학
20160420,HH,LT,사직
20160420,NC,LG,잠실
20160420,OB,KT,수원
20160420,SS,HT,광주
20160420,WO,SK,문학
20160421,HH,LT,사직
20160421,NC,LG,잠실
20160421,OB,KT,수원
20160421,SS,HT,광주
20160421,WO,SK,문학
20160422,HH,OB,잠실
20160422,HT,LT,사직
20160422,KT,SS,대구
20160422,LG,WO,고척
20160422,NC,SK,문학
20160423,HH,OB,잠실
20160423,HT,LT,사직
20160423,KT,SS,대구
20160423,LG,WO,고척
20160423,NC,SK,문학
20160424,HH,OB,잠실
20160424,HT,LT,사직
20160424,KT,SS,대구
20160424,LG,WO,고척
20160424,NC,SK,문학
20160426,HT,HH,대전
20160426,LG,SS,대구
20160426,LT,KT,수원
20160426,SK,OB,잠실
20160426,WO,NC,마산
20160427,LT,KT,수원
20160427,SK,OB,잠실
20160428,HT,HH,대전
20160428,LG,SS,대구
20160428,LT,KT,수원
20160428,SK,OB,잠실
20160428,WO,NC,마산
20160429,KT,LG,잠실
20160429,NC,LT,사직
20160429,OB,HT,광주
20160429,SK,WO,고척
20160429,SS,HH,대전
20160430,KT,LG,잠실
20160430,NC,LT,사직
20160430,OB,HT,광주
20160430,SK,WO,고척
20160430,SS,HH,대전
20160501,KT,LG,잠실
20160501,NC,LT,사직
20160501,OB,HT,광주
20160501,SK,WO,고척
20160501,SS,HH,대전
20160503,HH,SK,문학
20160503,LT,HT,광주
20160503,WO,SS,대구
20160504,HH,SK,문학
20160504,LT,HT,광주
20160504,NC,KT,수원
20160504,OB,LG,잠실
20160504,WO,SS,대구
20160505,HH,SK,문학
20160505,LT,HT,광주
20160505,NC,KT,수원
20160505,OB,LG,잠실
20160505,WO,SS,대구
20160506,HH,KT,수원
20160506,HT,WO,고척
20160506,LG,NC,마산
20160506,LT,OB,잠실
20160506,SK,SS,대구
20160507,HH,KT,수원
20160507,HT,WO,고척
20160507,LG,NC,마산
20160507,LT,OB,잠실
20160507,SK,SS,대구
20160508,HH,KT,수원
20160508,HT,WO,고척
20160508,LG,NC,마산
20160508,LT,OB,잠실
20160508,SK,SS,대구
20160510,OB,SK,문학
20160510,SS,LG,잠실
20160511,KT,HT,광주
20160511,NC,HH,대전
20160511,OB,SK,문학
20160511,SS,LG,잠실
20160511,WO,LT,사직
20160512,KT,HT,광주
20160512,NC,HH,대전
20160512,OB,SK,문학
20160512,SS,LG,잠실
20160512,WO,LT,사직
20160513,HH,HT,광주
20160513,KT,NC,마산
20160513,LT,SS,대구
20160513,OB,WO,고척
20160513,SK,LG,잠실
20160514,HH,HT,광주
20160514,KT,NC,마산
20160514,LT,SS,대구
20160514,OB,WO,고척
20160514,SK,LG,잠실
20160515,HH,HT,광주
20160515,KT,NC,마산
20160515,LT,SS,대구
20160515,OB,WO,고척
20160517,HH,SS,포항
20160517,HT,OB,잠실
20160517,LG,KT,수원
20160517,LT,SK,문학
20160517,NC,WO,고척
20160518,HH,SS,포항
20160518,HT,OB,잠실
20160518,LG,KT,수원
20160518,LT,SK,문학
20160518,NC,WO,고척
20160519,HH,SS,포항
20160519,HT,OB,잠실
20160519,LG,KT,수원
20160519,LT,SK,문학
20160519,NC,WO,고척
20160520,KT,HH,대전
20160520,OB,LT,사직
20160520,SK,HT,광주
20160520,SS,NC,마산
20160520,WO,LG,잠실
20160521,KT,HH,대전
20160521,OB,LT,사직
20160521,SK,HT,광주
20160521,SS,NC,마산
20160521,WO,LG,잠실
20160522,KT,HH,대전
20160522,OB,LT,사직
20160522,SK,HT,광주
20160522,SS,NC,마산
20160522,WO,LG,잠실
20160524,HH,WO,고척
20160524,HT,SS,대구
20160524,KT,OB,잠실
20160525,HH,WO,고척
20160525,HT,SS,대구
20160525,KT,OB,잠실
20160525,LG,LT,울산
20160525,SK,NC,마산
20160526,HH,WO,고척
20160526,HT,SS,대구
20160526,KT,OB,잠실
20160526,LG,LT,울산
20160526,SK,NC,마산
20160527,LG,OB,잠실
20160527,LT,HH,대전
20160527,NC,HT,광주
20160527,SS,SK,문학
20160527,WO,KT,수원
20160528,LG,OB,잠실
20160528,LT,HH,대전
20160528,NC,HT,광주
20160528,SS,SK,문학
20160528,WO,KT,수원
20160529,LG,OB,잠실
20160529,LT,HH,대전
20160529,NC,HT,광주
20160529,SS,SK,문학
20160529,WO,KT,수원
20160531,HT,LG,잠실
20160531,KT,LT,사직
20160531,OB,NC,마산
20160531,SK,HH,대전
20160531,SS,WO,고척
20160601,HT,LG,잠실
20160601,KT,LT,사직
20160601,OB,NC,마산
20160601,SK,HH,대전
20160601,SS,WO,고척
20160602,HT,LG,잠실
20160602,KT,LT,사직
20160602,OB,NC,마산
20160602,SK,HH,대전
20160602,SS,WO,고척
20160603,HH,SS,대구
20160603,LG,KT,수원
20160603,NC,LT,사직
20160603,SK,OB,잠실
20160603,WO,HT,광주
20160604,HH,SS,대구
20160604,LG,KT,수원
20160604,SK,OB,잠실
20160605,HH,SS,대구
20160605,LG,KT,수원
20160605,NC,LT,사직
20160605,SK,OB,잠실
20160605,WO,HT,광주
20160607,HT,HH,대전
20160607,LT,SK,문학
20160607,OB,KT,수원
20160607,SS,LG,잠실
20160607,WO,NC,마산
20160608,HT,HH,대전
20160608,LT,SK,문학
20160608,OB,KT,수원
20160608,SS,LG,잠실
20160608,WO,NC,마산
20160609,HT,HH,대전
20160609,LT,SK,문학
20160609,OB,KT,수원
20160609,SS,LG,잠실
20160609,WO,NC,마산
20160610,KT,WO,고척
20160610,LG,HH,대전
20160610,LT,OB,잠실
20160610,NC,SK,문학
20160610,SS,HT,광주
20160611,KT,WO,고척
20160611,LG,HH,대전
20160611,LT,OB,잠실
20160611,NC,SK,문학
20160611,SS,HT,광주
20160612,KT,WO,고척
20160612,LG,HH,대전
20160612,LT,OB,잠실
20160612,NC,SK,문학
20160612,SS,HT,광주
20160614,HH,KT,수원
20160614,LT,WO,고척
20160614,NC,LG,잠실
20160614,OB,HT,광주
20160614,SK,SS,대구
20160615,LT,WO,고척
20160615,OB,HT,광주
20160615,SK,SS,대구
20160616,HH,KT,수원
20160616,LT,WO,고척
20160616,NC,LG,잠실
20160616,OB,HT,광주
20160616,SK,SS,대구
20160617,HT,LG,잠실
20160617,NC,KT,수원
20160617,OB,SS,대구
20160617,SK,LT,사직
20160617,WO,HH,청주
20160618,HT,LG,잠실
20160618,NC,KT,수원
20160618,OB,SS,대구
20160618,SK,LT,사직
20160618,WO,HH,청주
20160619,HT,LG,잠실
20160619,NC,KT,수원
20160619,OB,SS,대구
20160619,SK,LT,사직
20160619,WO,HH,청주
20160621,HH,NC,마산
20160621,KT,OB,잠실
20160621,LG,SK,문학
20160621,LT,HT,광주
20160621,SS,WO,고척
20160622,LG,SK,문학
20160622,LT,HT,광주
20160622,SS,WO,고척
20160623,HH,NC,마산
20160623,KT,OB,잠실
20160623,LG,SK,문학
20160623,LT,HT,광주
20160623,SS,WO,고척
20160624,HT,NC,마산
20160624,KT,SS,대구
20160624,LT,HH,대전
20160624,OB,SK,문학
20160624,WO,LG,잠실
20160625,HT,NC,마산
20160625,KT,SS,대구
20160625,LT,HH,대전
20160625,OB,SK,문학
20160625,WO,LG,잠실
20160626,HT,NC,마산
20160626,KT,SS,대구
20160626,LT,HH,대전
20160626,OB,SK,문학
20160626,WO,LG,잠실
20160628,HH,WO,고척
20160628,LG,HT,광주
20160628,NC,OB,잠실
20160628,SK,KT,수원
20160628,SS,LT,사직
20160629,HH,WO,고척
20160629,LG,HT,광주
20160629,NC,OB,잠실
20160629,SK,KT,수원
20160629,SS,LT,사직
20160630,HH,WO,고척
20160630,LG,HT,광주
20160630,NC,OB,잠실
20160630,SK,KT,수원
20160630,SS,LT,사직
20160701,HT,WO,고척
20160702,HT,WO,고척
20160702,OB,HH,대전
20160702,SK,LG,잠실
20160703,HT,WO,고척
20160703,SK,LG,잠실
20160705,LG,SS,대구
20160706,HH,SK,문학
20160706,HT,KT,수원
20160706,LT,NC,마산
20160706,WO,OB,잠실
20160707,HH,SK,문학
20160707,HT,KT,수원
20160707,LG,SS,대구
20160707,LT,NC,마산
20160707,WO,OB,잠실
20160708,HT,OB,잠실
20160708,KT,SK,문학
20160708,LG,LT,사직
20160708,NC,WO,고척
20160708,SS,HH,대전
20160709,HT,OB,잠실
20160709,KT,SK,문학
20160709,LG,LT,사직
20160709,NC,WO,고척
20160709,SS,HH,대전
20160710,HT,OB,잠실
20160710,KT,SK,문학
20160710,LG,LT,사직
20160710,NC,WO,고척
20160710,SS,HH,대전
20160712,HH,LG,잠실
20160712,LT,SS,포항
20160712,OB,NC,마산
20160712,SK,HT,광주
20160712,WO,KT,수원
20160713,HH,LG,잠실
20160713,LT,SS,포항
20160713,OB,NC,마산
20160713,SK,HT,광주
20160713,WO,KT,수원
20160714,HH,LG,잠실
20160714,LT,SS,포항
20160714,OB,NC,마산
20160714,SK,HT,광주
20160714,WO,KT,수원
20160719,HT,LT,사직
20160719,KT,HH,대전
20160719,LG,WO,고척
20160719,SK,NC,마산
20160719,SS,OB,잠실
20160720,HT,LT,사직
20160720,KT,HH,대전
20160720,LG,WO,고척
20160720,SK,NC,마산
20160720,SS,OB,잠실
20160721,HT,LT,사직
20160721,KT,HH,대전
20160721,LG,WO,고척
20160721,SK,NC,마산
20160721,SS,OB,잠실
20160722,HH,LT,사직
20160722,NC,HT,광주
20160722,OB,LG,잠실
20160722,SS,KT,수원
20160722,WO,SK,문학
20160723,HH,LT,사직
20160723,NC,HT,광주
20160723,OB,LG,잠실
20160723,SS,KT,수원
20160723,WO,SK,문학
20160724,HH,LT,사직
20160724,NC,HT,광주
20160724,OB,LG,잠실
20160724,SS,KT,수원
20160724,WO,SK,문학
20160726,KT,HT,광주
20160726,LT,LG,잠실
20160726,NC,SS,대구
20160726,OB,WO,고척
20160726,SK,HH,대전
20160727,KT,HT,광주
20160727,LT,LG,잠실
20160727,NC,SS,대구
20160727,OB,WO,고척
20160727,SK,HH,대전
20160728,KT,HT,광주
20160728,LT,LG,잠실
20160728,NC,SS,대구
20160728,OB,WO,고척
20160728,SK,HH,대전
20160729,HH,OB,잠실
20160729,HT,SK,문학
20160729,LG,NC,마산
20160729,LT,KT,수원
20160729,WO,SS,대구
20160730,HH,OB,잠실
20160730,HT,SK,문학
20160730,LG,NC,마산
20160730,LT,KT,수원
20160731,HH,OB,잠실
20160731,HT,SK,문학
20160731,LG,NC,마산
20160731,LT,KT,수원
20160802,HH,HT,광주
20160802,LG,OB,잠실
20160803,HH,HT,광주
20160803,LG,OB,잠실
20160803,SS,SK,문학
20160803,WO,LT,사직
20160804,HH,HT,광주
20160804,KT,NC,마산
20160804,LG,OB,잠실
20160804,SS,SK,문학
20160804,WO,LT,사직
20160805,HT,SS,대구
20160805,KT,LG,잠실
20160805,NC,HH,대전
20160805,OB,LT,사직
20160805,SK,WO,고척
20160806,HT,SS,대구
20160806,KT,LG,잠실
20160806,NC,HH,대전
20160806,OB,LT,사직
20160806,SK,WO,고척
20160807,HT,SS,대구
20160807,KT,LG,잠실
20160807,NC,HH,대전
20160807,OB,LT,사직
20160807,SK,WO,고척
20160809,HT,OB,잠실
20160809,LG,SK,문학
20160809,LT,NC,마산
20160809,SS,HH,대전
20160809,WO,KT,수원
20160810,HT,OB,잠실
20160810,LG,SK,문학
20160810,LT,NC,마산
20160810,SS,HH,대전
20160810,WO,KT,수원
20160811,HH,LT,울산
20160811,HT,WO,고척
20160811,KT,SK,문학
20160811,NC,LG,잠실
20160811,OB,SS,대구
20160812,HH,LT,울산
20160812,HT,WO,고척
20160812,KT,SK,문학
20160812,NC,LG,잠실
20160812,OB,SS,대구
20160813,HH,HT,광주
20160813,KT,NC,마산
20160813,LG,SS,대구
20160813,LT,SK,문학
20160813,WO,OB,잠실
20160814,HH,HT,광주
20160814,KT,NC,마산
20160814,LG,SS,대구
20160814,LT,SK,문학
20160814,WO,OB,잠실
20160816,KT,HT,광주
20160816,LT,WO,고척
20160816,OB,HH,청주
20160816,SK,LG,잠실
20160816,SS,NC,마산
20160817,LT,WO,고척
20160817,OB,HH,청주
20160817,SK,LG,잠실
20160817,SS,NC,마산
20160818,HH,LG,잠실
20160818,HT,LT,사직
20160818,NC,WO,고척
20160818,OB,SK,문학
20160818,SS,KT,수원
20160819,HH,LG,잠실
20160819,HT,LT,사직
20160819,NC,WO,고척
20160819,OB,SK,문학
20160819,SS,KT,수원
20160820,HH,KT,수원
20160820,LG,HT,광주
20160820,NC,OB,잠실
20160820,SK,LT,사직
20160820,SS,WO,고척
20160821,HH,KT,수원
20160821,LG,HT,광주
20160821,NC,OB,잠실
20160821,SK,LT,사직
20160821,SS,WO,고척
20160823,HT,NC,마산
20160823,KT,LT,울산
20160823,LG,OB,잠실
20160823,SK,SS,대구
20160824,HT,NC,마산
20160824,KT,LT,울산
20160824,LG,OB,잠실
20160824,SK,SS,대구
20160824,WO,HH,대전
20160825,LG,WO,고척
20160825,NC,HH,대전
20160825,SK,KT,수원
20160825,SS,HT,광주
20160826,LG,WO,고척
20160826,LT,OB,잠실
20160826,NC,HH,대전
20160826,SK,KT,수원
20160827,HH,SK,문학
20160827,KT,LG,잠실
20160827,LT,SS,대구
20160827,OB,HT,광주
20160827,WO,NC,마산
20160828,HH,SK,문학
20160828,KT,LG,잠실
20160828,OB,HT,광주
20160830,HH,OB,잠실
20160830,LG,LT,사직
20160830,NC,KT,수원
20160830,SK,HT,광주
20160830,WO,SS,대구
20160831,LG,LT,사직
20160831,NC,KT,수원
20160831,SK,HT,광주
20160831,WO,SS,대구
20160901,HT,SS,대구
20160901,KT,OB,잠실
20160901,LG,HH,대전
20160901,NC,LT,사직
20160901,SK,WO,고척
20160902,KT,OB,잠실
20160902,LG,HH,대전
20160902,SK,WO,고척
20160903,HH,WO,고척
20160903,LG,KT,수원
20160903,LT,HT,광주
20160903,SK,NC,마산
20160903,SS,OB,잠실
20160904,HH,WO,고척
20160904,LG,KT,수원
20160904,LT,HT,광주
20160904,SK,NC,마산
20160904,SS,OB,잠실
20160906,HH,NC,마산
20160906,HT,SK,문학
20160906,KT,SS,대구
20160906,OB,LT,사직
20160906,WO,LG,잠실
20160907,HH,NC,마산
20160907,HT,SK,문학
20160907,KT,SS,대구
20160907,OB,LT,사직
20160907,WO,LG,잠실
20160908,KT,HH,대전
20160908,NC,HT,광주
20160908,OB,LG,잠실
20160908,SS,LT,사직
20160908,WO,SK,문학
20160909,KT,HH,대전
20160909,NC,HT,광주
20160909,OB,LG,잠실
20160909,SS,LT,사직
20160909,WO,SK,문학
20160910,HT,KT,수원
20160910,LT,LG,잠실
20160910,NC,SS,대구
20160910,OB,WO,고척
20160910,SK,HH,대전
20160911,HT,KT,수원
20160911,LT,LG,잠실
20160911,NC,SS,대구
20160911,OB,WO,고척
20160911,SK,HH,대전
20160913,HH,SS,대구
20160913,LG,NC,마산
20160913,LT,KT,수원
20160913,SK,OB,잠실
20160913,WO,HT,광주
20160914,HH,SS,대구
20160914,LG,NC,마산
20160914,LT,KT,수원
20160914,SK,OB,잠실
20160914,WO,HT,광주
20160915,HT,LG,잠실
20160915,KT,WO,고척
20160915,LT,HH,대전
20160915,OB,NC,마산
20160915,SS,SK,문학
20160916,HT,LG,잠실
20160916,KT,WO,고척
20160916,LT,HH,대전
20160916,OB,NC,마산
20160916,SS,SK,문학
20160917,NC,SK,문학
20160917,OB,KT,수원
20160917,SS,LG,잠실
20160918,HT,HH,대전
20160918,NC,SK,문학
20160918,OB,KT,수원
20160918,SS,LG,잠실
20160918,WO,LT,사직
20160919,HT,HH,대전
20160919,WO,LT,사직
20160920,LG,HH,대전
20160920,NC,KT,수원
20160920,SS,OB,잠실
20160920,WO,HT,광주
20160921,LT,SS,대구
20160921,NC,LG,잠실
20160921,WO,HT,광주
20160922,KT,OB,잠실
20160922,NC,HH,대전
20160923,HT,NC,마산
20160923,OB,SS,대구
20160923,SK,KT,수원
20160924,HH,LG,잠실
20160924,LT,NC,마산
20160924,WO,SS,대구
20160925,HH,SK,문학
20160925,HT,KT,수원
20160925,LT,NC,마산
20160925,WO,SS,대구
20160927,KT,LT,사직
20160927,LG,HT,광주
20160927,OB,HH,대전
20160927,SS,NC,마산
20160928,OB,HH,대전
20160929,KT,LT,사직
20160929,SS,NC,마산
20160929,SS,NC,마산
20160929,WO,OB,잠실
20160930,HH,NC,마산
20160930,KT,LT,사직
20160930,SK,LG,잠실
20161001,NC,LT,사직
20161001,SK,LG,잠실
20161002,KT,HT,광주
20161002,NC,LT,사직
20161002,WO,HH,대전
20161003,HH,OB,잠실
20161003,KT,HT,광주
20161003,LG,SS,대구
20161004,LG,SS,대구
20161004,LT,OB,잠실
20161004,WO,NC,마산
20161005,HH,KT,수원
20161005,HT,SS,대구
20161005,WO,NC,마산
20161006,LG,LT,사직
20161006,SK,NC,마산
20161006,SS,HT,광주
20161007,KT,NC,마산
20161007,WO,LT,사직
20161008,HT,HH,대전
20161008,OB,LG,잠실
20161008,SS,SK,문학
20161009,KT,NC,마산
20161009,WO,LT,사직
20170331,HH,OB,잠실
20170331,HT,SS,대구
20170331,KT,SK,문학
20170331,LG,WO,고척
20170331,LT,NC,마산
20170401,HH,OB,잠실
20170401,HT,SS,대구
20170401,KT,SK,문학
20170401,LG,WO,고척
20170401,LT,NC,마산
20170402,HH,OB,잠실
20170402,HT,SS,대구
20170402,KT,SK,문학
20170402,LG,WO,고척
20170402,LT,NC,마산
20170404,NC,HH,대전
20170404,OB,KT,수원
20170404,SK,HT,광주
20170404,SS,LG,잠실
20170404,WO,LT,사직
20170406,NC,HH,대전
20170406,OB,KT,수원
20170406,SK,HT,광주
20170406,SS,LG,잠실
20170406,WO,LT,사직
20170407,HH,HT,광주
20170407,LG,LT,사직
20170407,NC,SK,문학
20170407,SS,KT,수원
20170407,WO,OB,잠실
20170408,HH,HT,광주
20170408,LG,LT,사직
20170408,NC,SK,문학
20170408,SS,KT,수원
20170408,WO,OB,잠실
20170409,HH,HT,광주
20170409,LG,LT,사직
20170409,NC,SK,문학
20170409,SS,KT,수원
20170409,WO,OB,잠실
20170411,HH,SS,대구
20170411,HT,OB,잠실
20170411,KT,WO,고척
20170411,LG,NC,마산
20170411,LT,SK,문학
20170412,HH,SS,대구
20170412,HT,OB,잠실
20170412,KT,WO,고척
20170412,LG,NC,마산
20170412,LT,SK,문학
20170413,HH,SS,대구
20170413,HT,OB,잠실
20170413,KT,WO,고척
20170413,LG,NC,마산
20170413,LT,SK,문학
20170414,KT,LG,잠실
20170414,OB,NC,마산
20170414,SK,HH,대전
20170414,SS,LT,사직
20170414,WO,HT,광주
20170415,KT,LG,잠실
20170415,OB,NC,마산
20170415,SK,HH,대전
20170415,SS,LT,사직
20170415,WO,HT,광주
20170416,KT,LG,잠실
20170416,OB,NC,마산
20170416,SK,HH,대전
20170416,SS,LT,사직
20170416,WO,HT,광주
20170418,HT,KT,수원
20170418,LG,HH,대전
20170418,NC,LT,사직
20170418,SS,OB,잠실
20170418,WO,SK,문학
20170419,HT,KT,수원
20170419,LG,HH,대전
20170419,NC,LT,사직
20170419,SS,OB,잠실
20170419,WO,SK,문학
20170420,HT,KT,수원
20170420,LG,HH,대전
20170420,NC,LT,사직
20170420,SS,OB,잠실
20170420,WO,SK,문학
20170421,HH,KT,수원
20170421,HT,LG,잠실
20170421,LT,WO,고척
20170421,NC,SS,대구
20170421,OB,SK,문학
20170422,HH,KT,수원
20170422,HT,LG,잠실
20170422,LT,WO,고척
20170422,NC,SS,대구
20170422,OB,SK,문학
20170423,HH,KT,수원
20170423,HT,LG,잠실
20170423,LT,WO,고척
20170423,NC,SS,대구
20170423,OB,SK,문학
20170425,HH,LT,사직
20170425,KT,NC,마산
20170425,OB,WO,고척
20170425,SK,LG,잠실
20170425,SS,HT,광주
20170426,HH,LT,사직
20170426,KT,NC,마산
20170426,OB,WO,고척
20170426,SK,LG,잠실
20170426,SS,HT,광주
20170427,HH,LT,사직
20170427,KT,NC,마산
20170427,OB,WO,고척
20170427,SK,LG,잠실
20170427,SS,HT,광주
20170428,LG,KT,수원
20170428,LT,OB,잠실
20170428,NC,HT,광주
20170428,SK,SS,대구
20170428,WO,HH,대전
20170429,LG,KT,수원
20170429,LT,OB,잠실
20170429,NC,HT,광주
20170429,SK,SS,대구
20170429,WO,HH,대전
20170430,LG,KT,수원
20170430,LT,OB,잠실
20170430,NC,HT,광주
20170430,SK,SS,대구
20170430,WO,HH,대전
20170502,HH,SK,문학
20170502,HT,WO,고척
20170502,LT,KT,수원
20170502,NC,LG,잠실
20170502,OB,SS,대구
20170503,HH,SK,문학
20170503,HT,WO,고척
20170503,LT,KT,수원
20170503,NC,LG,잠실
20170503,OB,SS,대구
20170504,HH,SK,문학
20170504,HT,WO,고척
20170504,LT,KT,수원
20170504,NC,LG,잠실
20170504,OB,SS,대구
20170505,HT,LT,사직
20170505,KT,HH,대전
20170505,LG,OB,잠실
20170505,SK,WO,고척
20170505,SS,NC,마산
20170506,HT,LT,사직
20170506,KT,HH,대전
20170506,LG,OB,잠실
20170506,SK,WO,고척
20170506,SS,NC,마산
20170507,HT,LT,사직
20170507,KT,HH,대전
20170507,LG,OB,잠실
20170507,SK,WO,고척
20170507,SS,NC,마산
20170509,KT,HT,광주
20170510,KT,HT,광주
20170510,LG,SS,대구
20170510,LT,HH,대전
20170510,SK,OB,잠실
20170510,WO,NC,마산
20170511,KT,HT,광주
20170511,LG,SS,대구
20170511,LT,HH,대전
20170511,SK,OB,잠실
20170511,WO,NC,마산
20170512,HH,LG,잠실
20170512,HT,SK,문학
20170512,NC,KT,수원
20170512,WO,SS,대구
20170513,HH,LG,잠실
20170513,HT,SK,문학
20170513,NC,KT,수원
20170513,OB,LT,사직
20170513,WO,SS,대구
20170514,HH,LG,잠실
20170514,HT,SK,문학
20170514,NC,KT,수원
20170514,OB,LT,사직
20170514,WO,SS,대구
20170516,HH,WO,고척
20170516,KT,LT,사직
20170516,LG,HT,광주
20170516,NC,OB,잠실
20170516,SS,SK,문학
20170517,HH,WO,고척
20170517,KT,LT,사직
20170517,LG,HT,광주
20170517,NC,OB,잠실
20170517,SS,SK,문학
20170518,HH,WO,고척
20170518,KT,LT,사직
20170518,LG,HT,광주
20170518,NC,OB,잠실
20170518,SS,SK,문학
20170519,LT,LG,잠실
20170519,OB,HT,광주
20170519,SK,NC,마산
20170519,SS,HH,대전
20170519,WO,KT,수원
20170520,LT,LG,잠실
20170520,OB,HT,광주
20170520,SK,NC,마산
20170520,SS,HH,대전
20170520,WO,KT,수원
20170521,LT,LG,잠실
20170521,OB,HT,광주
20170521,SK,NC,마산
20170521,SS,HH,대전
20170521,WO,KT,수원
20170523,HT,HH,대전
20170523,KT,SS,대구
20170523,NC,WO,고척
20170523,SK,LT,사직
20170524,HT,HH,대전
20170524,KT,SS,대구
20170524,NC,WO,고척
20170524,OB,LG,잠실
20170524,SK,LT,사직
20170525,HT,HH,대전
20170525,KT,SS,대구
20170525,NC,WO,고척
20170525,OB,LG,잠실
20170525,SK,LT,사직
20170526,HH,NC,마산
20170526,KT,OB,잠실
20170526,LG,SK,문학
20170526,LT,HT,광주
20170526,SS,WO,고척
20170527,HH,NC,마산
20170527,KT,OB,잠실
20170527,LG,SK,문학
20170527,LT,HT,광주
20170527,SS,WO,고척
20170528,HH,NC,마산
20170528,KT,OB,잠실
20170528,LG,SK,문학
20170528,LT,HT,광주
20170528,SS,WO,고척
20170530,HT,NC,마산
20170530,LT,SS,대구
20170530,OB,HH,대전
20170530,SK,KT,수원
20170530,WO,LG,잠실
20170531,HT,NC,마산
20170531,LT,SS,대구
20170531,OB,HH,대전
20170531,SK,KT,수원
20170531,WO,LG,잠실
20170601,HT,NC,마산
20170601,LT,SS,대구
20170601,OB,HH,대전
20170601,SK,KT,수원
20170601,WO,LG,잠실
20170602,HT,SS,대구
20170602,KT,LT,사직
20170602,NC,LG,잠실
20170602,OB,WO,고척
20170602,SK,HH,대전
20170603,HT,SS,대구
20170603,KT,LT,사직
20170603,NC,LG,잠실
20170603,OB,WO,고척
20170603,SK,HH,대전
20170604,HT,SS,대구
20170604,KT,LT,사직
20170604,NC,LG,잠실
20170604,OB,WO,고척
20170604,SK,HH,대전
20170606,LT,NC,마산
20170606,SS,OB,잠실
20170606,WO,SK,문학
20170607,HH,HT,광주
20170607,LG,KT,수원
20170607,LT,NC,마산
20170607,SS,OB,잠실
20170607,WO,SK,문학
20170608,HH,HT,광주
20170608,LG,KT,수원
20170608,LT,NC,마산
20170608,SS,OB,잠실
20170608,WO,SK,문학
20170609,KT,NC,마산
20170609,OB,LT,울산
20170609,SK,LG,잠실
20170609,SS,HH,대전
20170609,WO,HT,광주
20170610,KT,NC,마산
20170610,OB,LT,울산
20170610,SK,LG,잠실
20170610,SS,HH,대전
20170610,WO,HT,광주
20170611,KT,NC,마산
20170611,OB,LT,울산
20170611,SK,LG,잠실
20170611,SS,HH,대전
20170611,WO,HT,광주
20170613,HH,SK,문학
20170613,HT,LT,사직
20170613,KT,SS,포항
20170613,LG,OB,잠실
20170613,NC,WO,고척
20170614,HH,SK,문학
20170614,HT,LT,사직
20170614,KT,SS,포항
20170614,LG,OB,잠실
20170614,NC,WO,고척
20170615,HH,SK,문학
20170615,HT,LT,사직
20170615,KT,SS,포항
20170615,LG,OB,잠실
20170615,NC,WO,고척
20170616,HH,KT,수원
20170616,LG,HT,광주
20170616,LT,WO,고척
20170616,NC,OB,잠실
20170616,SK,SS,대구
20170617,HH,KT,수원
20170617,LG,HT,광주
20170617,LT,WO,고척
20170617,NC,OB,잠실
20170617,SK,SS,대구
20170618,HH,KT,수원
20170618,LG,HT,광주
20170618,LT,WO,고척
20170618,NC,OB,잠실
20170618,SK,SS,대구
20170620,LT,KT,수원
20170620,NC,SK,문학
20170620,SS,LG,잠실
20170620,WO,HH,대전
20170621,LT,KT,수원
20170621,NC,SK,문학
20170621,OB,HT,광주
20170621,SS,LG,잠실
20170621,WO,HH,대전
20170622,LT,KT,수원
20170622,NC,SK,문학
20170622,OB,HT,광주
20170622,SS,LG,잠실
20170622,WO,HH,대전
20170623,HH,SS,대구
20170623,HT,NC,마산
20170623,KT,SK,문학
20170623,LG,WO,고척
20170623,LT,OB,잠실
20170624,HH,SS,대구
20170624,HT,NC,마산
20170624,KT,SK,문학
20170624,LG,WO,고척
20170624,LT,OB,잠실
20170625,HH,SS,대구
20170625,HT,NC,마산
20170625,KT,SK,문학
20170625,LG,WO,고척
20170625,LT,OB,잠실
20170627,KT,HH,청주
20170627,LG,LT,사직
20170627,SK,OB,잠실
20170627,SS,HT,광주
20170627,WO,NC,마산
20170628,KT,HH,청주
20170628,LG,LT,사직
20170628,SK,OB,잠실
20170628,SS,HT,광주
20170628,WO,NC,마산
20170629,KT,HH,청주
20170629,SK,OB,잠실
20170629,SS,HT,광주
20170630,HT,LG,잠실
20170630,NC,LT,사직
20170630,OB,HH,대전
20170630,SS,SK,문학
20170630,WO,KT,수원
20170701,HT,LG,잠실
20170701,NC,LT,사직
20170701,OB,HH,대전
20170701,SS,SK,문학
20170702,HT,LG,잠실
20170702,NC,LT,사직
20170702,SS,SK,문학
20170702,WO,KT,수원
20170704,HH,WO,고척
20170704,HT,SK,문학
20170704,KT,OB,잠실
20170704,LT,SS,포항
20170705,HH,WO,고척
20170705,HT,SK,문학
20170705,KT,OB,잠실
20170705,LG,NC,마산
20170705,LT,SS,포항
20170706,HH,WO,고척
20170706,HT,SK,문학
20170706,LT,SS,포항
20170707,OB,NC,마산
20170707,SK,LT,사직
20170707,WO,SS,대구
20170708,HH,LG,잠실
20170708,HT,KT,수원
20170708,SK,LT,사직
20170708,WO,SS,대구
20170709,HH,LG,잠실
20170709,OB,NC,마산
20170709,SK,LT,사직
20170709,WO,SS,대구
20170711,LG,SK,문학
20170711,LT,HH,대전
20170711,NC,HT,광주
20170711,SS,KT,수원
20170711,WO,OB,잠실
20170712,LG,SK,문학
20170712,LT,HH,대전
20170712,NC,HT,광주
20170712,SS,KT,수원
20170712,WO,OB,잠실
20170713,LG,SK,문학
20170713,LT,HH,대전
20170713,NC,HT,광주
20170713,SS,KT,수원
20170713,WO,OB,잠실
20170718,HT,WO,고척
20170718,KT,LG,잠실
20170718,NC,HH,청주
20170718,OB,SK,문학
20170718,SS,LT,울산
20170719,HT,WO,고척
20170719,KT,LG,잠실
20170719,NC,HH,청주
20170719,OB,SK,문학
20170719,SS,LT,울산
20170720,HT,WO,고척
20170720,KT,LG,잠실
20170720,NC,HH,청주
20170720,OB,SK,문학
20170720,SS,LT,울산
20170721,HH,OB,잠실
20170721,KT,WO,고척
20170721,LG,SS,대구
20170721,LT,HT,광주
20170721,SK,NC,마산
20170722,HH,OB,잠실
20170722,KT,WO,고척
20170722,LT,HT,광주
20170722,SK,NC,마산
20170723,HH,OB,잠실
20170723,KT,WO,고척
20170723,LG,SS,대구
20170723,LT,HT,광주
20170723,SK,NC,마산
20170725,NC,SS,대구
20170725,OB,KT,수원
20170725,SK,HT,광주
20170725,WO,LG,잠실
20170726,HH,LT,사직
20170726,NC,SS,대구
20170726,OB,KT,수원
20170726,SK,HT,광주
20170726,WO,LG,잠실
20170727,HH,LT,사직
20170727,NC,SS,대구
20170727,OB,KT,수원
20170727,SK,HT,광주
20170727,WO,LG,잠실
20170728,HT,OB,잠실
20170728,LG,HH,대전
20170728,LT,SK,문학
20170728,NC,KT,수원
20170728,SS,WO,고척
20170729,HT,OB,잠실
20170729,LG,HH,대전
20170729,LT,SK,문학
20170729,NC,KT,수원
20170729,SS,WO,고척
20170730,HT,OB,잠실
20170730,LG,HH,대전
20170730,LT,SK,문학
20170730,NC,KT,수원
20170730,SS,WO,고척
20170801,HH,NC,마산
20170801,KT,HT,광주
20170801,LT,LG,잠실
20170801,OB,SS,대구
20170801,SK,WO,고척
20170802,HH,NC,마산
20170802,LT,LG,잠실
20170802,OB,SS,대구
20170802,SK,WO,고척
20170803,HH,NC,마산
20170803,KT,HT,광주
20170803,LT,LG,잠실
20170803,OB,SS,대구
20170803,SK,WO,고척
20170804,HT,HH,대전
20170804,OB,LG,잠실
20170804,SK,KT,수원
20170804,SS,NC,마산
20170804,WO,LT,사직
20170805,HT,HH,대전
20170805,OB,LG,잠실
20170805,SK,KT,수원
20170805,SS,NC,마산
20170805,WO,LT,사직
20170806,OB,LG,잠실
20170806,SK,KT,수원
20170806,SS,NC,마산
20170806,WO,LT,사직
20170808,HH,OB,잠실
20170808,KT,LT,사직
20170808,LG,SS,대구
20170808,NC,SK,문학
20170808,WO,HT,광주
20170809,HH,OB,잠실
20170809,KT,LT,사직
20170809,LG,SS,대구
20170809,NC,SK,문학
20170809,WO,HT,광주
20170810,LT,NC,마산
20170810,OB,WO,고척
20170810,SK,LG,잠실
20170811,HT,KT,수원
20170811,LT,NC,마산
20170811,OB,WO,고척
20170811,SK,LG,잠실
20170811,SS,HH,대전
20170812,HH,WO,고척
20170812,KT,SK,문학
20170812,LG,HT,광주
20170812,LT,SS,대구
20170812,NC,OB,잠실
20170813,HH,WO,고척
20170813,KT,SK,문학
20170813,LT,SS,대구
20170813,NC,OB,잠실
20170815,NC,HT,광주
20170815,OB,LT,사직
20170816,KT,LG,잠실
20170816,NC,HT,광주
20170816,OB,LT,사직
20170816,SK,HH,대전
20170816,WO,SS,대구
20170817,HH,NC,마산
20170817,HT,OB,잠실
20170817,LG,SK,문학
20170817,LT,WO,고척
20170817,SS,KT,수원
20170818,HH,NC,마산
20170818,HT,OB,잠실
20170818,LG,SK,문학
20170818,LT,WO,고척
20170818,SS,KT,수원
20170819,LT,HH,대전
20170819,NC,WO,고척
20170819,OB,KT,수원
20170819,SK,HT,광주
20170819,SS,LG,잠실
20170820,LT,HH,대전
20170820,NC,WO,고척
20170820,OB,KT,수원
20170822,HH,KT,수원
20170822,LT,HT,광주
20170822,NC,LG,잠실
20170822,OB,SK,문학
20170822,SS,WO,고척
20170823,HH,KT,수원
20170823,LT,HT,광주
20170823,NC,LG,잠실
20170823,OB,SK,문학
20170823,SS,WO,고척
20170824,KT,NC,마산
20170824,LG,LT,사직
20170824,SK,SS,대구
20170824,WO,OB,잠실
20170825,HT,HH,대전
20170825,KT,NC,마산
20170825,LG,LT,사직
20170825,SK,SS,대구
20170825,WO,OB,잠실
20170826,HH,SK,문학
20170826,HT,NC,마산
20170826,KT,SS,대구
20170826,LG,OB,잠실
20170826,WO,LT,사직
20170827,HH,SK,문학
20170827,HT,NC,마산
20170827,KT,SS,대구
20170827,LG,OB,잠실
20170827,WO,LT,사직
20170829,HT,SS,대구
20170829,LG,HH,대전
20170829,LT,OB,잠실
20170829,NC,KT,수원
20170829,SK,WO,고척
20170830,HT,SS,대구
20170830,LG,HH,대전
20170830,LT,OB,잠실
20170830,NC,KT,수원
20170830,SK,WO,고척
20170831,KT,HH,대전
20170831,NC,LT,사직
20170831,OB,HT,광주
20170831,SS,SK,문학
20170831,WO,LG,잠실
20170901,KT,HH,대전
20170901,NC,LT,사직
20170901,OB,HT,광주
20170901,SS,SK,문학
20170901,WO,LG,잠실
20170902,HH,LT,사직
20170902,HT,WO,고척
20170902,LG,NC,마산
20170902,SK,KT,수원
20170902,SS,OB,잠실
20170903,HH,LT,사직
20170903,HT,WO,고척
20170903,LG,NC,마산
20170903,SK,KT,수원
20170903,SS,OB,잠실
20170905,HT,LG,잠실
20170905,LT,SK,문학
20170905,NC,SS,대구
20170905,OB,HH,대전
20170905,WO,KT,수원
20170906,HT,LG,잠실
20170906,OB,HH,대전
20170906,WO,KT,수원
20170907,HH,HT,광주
20170907,KT,OB,잠실
20170907,LG,WO,고척
20170907,SK,NC,마산
20170907,SS,LT,사직
20170908,HH,HT,광주
20170908,KT,OB,잠실
20170908,LG,WO,고척
20170908,SK,NC,마산
20170908,SS,LT,사직
20170909,LT,KT,수원
20170909,NC,HH,대전
20170909,OB,LG,잠실
20170909,SS,HT,광주
20170909,WO,SK,문학
20170910,LT,KT,수원
20170910,NC,HH,대전
20170910,OB,LG,잠실
20170910,SS,HT,광주
20170910,WO,SK,문학
20170912,HH,SS,대구
20170912,HT,SK,문학
20170912,KT,WO,고척
20170912,LT,LG,잠실
20170912,OB,NC,마산
20170913,HH,SS,대구
20170913,HT,SK,문학
20170913,KT,WO,고척
20170913,LT,LG,잠실
20170913,OB,NC,마산
20170914,HT,LT,사직
20170914,LG,KT,수원
20170914,SK,OB,잠실
20170914,SS,NC,마산
20170914,WO,HH,대전
20170915,HT,LT,사직
20170915,LG,KT,수원
20170915,SK,OB,잠실
20170915,SS,NC,마산
20170915,WO,HH,대전
20170916,HH,LG,잠실
20170916,KT,HT,광주
20170916,OB,SS,대구
20170916,SK,LT,사직
20170916,WO,NC,마산
20170917,HH,LG,잠실
20170917,KT,HT,광주
20170917,OB,SS,대구
20170917,SK,LT,사직
20170917,WO,NC,마산
20170919,KT,LG,잠실
20170919,OB,LT,사직
20170919,SK,HT,광주
20170920,HH,LG,잠실
20170920,OB,NC,마산
20170920,SK,HT,광주
20170921,LG,SS,대구
20170921,WO,KT,수원
20170922,LG,SS,대구
20170922,LT,HH,대전
20170922,OB,HT,광주
20170923,KT,HT,광주
20170923,LG,NC,마산
20170923,SS,HH,대전
20170923,WO,LT,사직
20170924,HH,HT,광주
20170924,KT,OB,잠실
20170924,LG,NC,마산
20170926,HH,LT,사직
20170926,LG,HT,광주
20170927,NC,SS,대구
20170927,OB,KT,수원
20170928,HT,HH,대전
20170928,LG,KT,수원
20170929,HT,HH,대전
20170929,LT,SK,문학
20170929,OB,LG,잠실
20170929,WO,NC,마산
20170930,SK,HH,대전
20170930,SS,LG,잠실
20170930,WO,NC,마산
20171001,HT,KT,수원
20171001,OB,HH,대전
20171001,SS,LG,잠실
20171002,HT,KT,수원
20171003,HT,KT,수원
20171003,LG,LT,사직
20171003,NC,HH,대전
20171003,SK,OB,잠실
20171003,WO,SS,대구
20180324,HH,WO,고척
20180324,KT,HT,광주
20180324,LG,NC,마산
20180324,LT,SK,문학
20180324,SS,OB,잠실
20180325,HH,WO,고척
20180325,KT,HT,광주
20180325,LG,NC,마산
20180325,LT,SK,문학
20180325,SS,OB,잠실
20180327,HH,NC,마산
20180327,KT,SK,문학
20180327,LG,WO,고척
20180327,LT,OB,잠실
20180327,SS,HT,광주
20180328,HH,NC,마산
20180328,KT,SK,문학
20180328,LG,WO,고척
20180328,LT,OB,잠실
20180328,SS,HT,광주
20180329,HH,NC,마산
20180329,KT,SK,문학
20180329,LG,WO,고척
20180329,LT,OB,잠실
20180329,SS,HT,광주
20180330,HT,LG,잠실
20180330,NC,LT,사직
20180330,OB,KT,수원
20180330,SK,HH,대전
20180330,WO,SS,대구
20180331,HT,LG,잠실
20180331,NC,LT,사직
20180331,OB,KT,수원
20180331,SK,HH,대전
20180331,WO,SS,대구
20180401,HT,LG,잠실
20180401,NC,LT,사직
20180401,OB,KT,수원
20180401,SK,HH,대전
20180401,WO,SS,대구
20180403,HT,SK,문학
20180403,KT,WO,고척
20180403,LG,OB,잠실
20180403,LT,HH,대전
20180403,SS,NC,마산
20180404,HT,SK,문학
20180404,KT,WO,고척
20180404,LG,OB,잠실
20180404,LT,HH,대전
20180404,SS,NC,마산
20180405,KT,WO,고척
20180405,SS,NC,마산
20180406,LG,LT,사직
20180406,WO,HT,광주
20180407,HH,KT,수원
20180407,LG,LT,사직
20180407,NC,OB,잠실
20180407,SS,SK,문학
20180407,WO,HT,광주
20180408,HH,KT,수원
20180408,LG,LT,사직
20180408,NC,OB,잠실
20180408,SS,SK,문학
20180408,WO,HT,광주
20180410,HT,HH,대전
20180410,KT,NC,마산
20180410,OB,SS,대구
20180410,SK,LG,잠실
20180410,WO,LT,울산
20180411,HT,HH,대전
20180411,KT,NC,마산
20180411,OB,SS,대구
20180411,SK,LG,잠실
20180411,WO,LT,울산
20180412,HT,HH,대전
20180412,KT,NC,마산
20180412,OB,SS,대구
20180412,SK,LG,잠실
20180412,WO,LT,울산
20180413,KT,LG,잠실
20180413,LT,HT,광주
20180413,NC,SK,문학
20180413,OB,WO,고척
20180413,SS,HH,대전
20180414,KT,LG,잠실
20180414,NC,SK,문학
20180414,OB,WO,고척
20180414,SS,HH,대전
20180415,KT,LG,잠실
20180415,NC,SK,문학
20180415,OB,WO,고척
20180415,SS,HH,대전
20180417,HH,OB,잠실
20180417,LG,HT,광주
20180417,NC,WO,고척
20180417,SK,KT,수원
20180417,SS,LT,사직
20180418,HH,OB,잠실
20180418,LG,HT,광주
20180418,NC,WO,고척
20180418,SK,KT,수원
20180418,SS,LT,사직
20180419,HH,OB,잠실
20180419,LG,HT,광주
20180419,NC,WO,고척
20180419,SK,KT,수원
20180419,SS,LT,사직
20180420,HT,OB,잠실
20180420,KT,SS,대구
20180420,LG,NC,마산
20180420,SK,LT,사직
20180420,WO,HH,대전
20180421,HT,OB,잠실
20180421,KT,SS,대구
20180421,LG,NC,마산
20180421,SK,LT,사직
20180421,WO,HH,대전
20180422,HT,OB,잠실
20180422,KT,SS,대구
20180422,LG,NC,마산
20180422,SK,LT,사직
20180422,WO,HH,대전
20180424,LT,KT,수원
20180424,NC,SS,대구
20180424,OB,SK,문학
20180424,WO,LG,잠실
20180425,HH,HT,광주
20180425,LT,KT,수원
20180425,NC,SS,대구
20180425,OB,SK,문학
20180425,WO,LG,잠실
20180426,HH,HT,광주
20180426,LT,KT,수원
20180426,NC,SS,대구
20180426,OB,SK,문학
20180426,WO,LG,잠실
20180427,HH,LT,사직
20180427,HT,KT,수원
20180427,OB,NC,마산
20180427,SK,WO,고척
20180427,SS,LG,잠실
20180428,HH,LT,사직
20180428,HT,KT,수원
20180428,OB,NC,마산
20180428,SK,WO,고척
20180428,SS,LG,잠실
20180429,HH,LT,사직
20180429,HT,KT,수원
20180429,OB,NC,마산
20180429,SK,WO,고척
20180429,SS,LG,잠실
20180501,HT,LT,사직
20180501,KT,OB,잠실
20180501,LG,HH,대전
20180501,SK,SS,대구
20180501,WO,NC,마산
20180502,HT,LT,사직
20180502,LG,HH,대전
20180502,SK,SS,대구
20180502,WO,NC,마산
20180503,HT,LT,사직
20180503,KT,OB,잠실
20180503,LG,HH,대전
20180503,SK,SS,대구
20180503,WO,NC,마산
20180504,HH,SS,대구
20180504,LT,SK,문학
20180504,NC,HT,광주
20180504,OB,LG,잠실
20180504,WO,KT,수원
20180505,HH,SS,대구
20180505,LT,SK,문학
20180505,NC,HT,광주
20180505,OB,LG,잠실
20180505,WO,KT,수원
20180506,NC,HT,광주
20180506,OB,LG,잠실
20180508,HH,WO,고척
20180508,LT,LG,잠실
20180508,OB,HT,광주
20180508,SK,NC,마산
20180508,SS,KT,수원
20180509,HH,WO,고척
20180509,LT,LG,잠실
20180509,OB,HT,광주
20180509,SK,NC,마산
20180509,SS,KT,수원
20180510,HH,WO,고척
20180510,LT,LG,잠실
20180510,OB,HT,광주
20180510,SK,NC,마산
20180510,SS,KT,수원
20180511,HT,SS,대구
20180511,KT,LT,사직
20180511,LG,SK,문학
20180511,NC,HH,대전
20180511,WO,OB,잠실
20180513,HT,SS,대구
20180513,KT,LT,사직
20180513,LG,SK,문학
20180513,NC,HH,대전
20180513,WO,OB,잠실
20180515,HT,WO,고척
20180515,KT,HH,대전
20180515,LG,SS,포항
20180515,LT,NC,마산
20180515,SK,OB,잠실
20180516,HT,WO,고척
20180516,KT,HH,대전
20180516,LG,SS,포항
20180516,SK,OB,잠실
20180517,HT,WO,고척
20180517,KT,HH,대전
20180517,LG,SS,포항
20180517,LT,NC,마산
20180518,HH,LG,잠실
20180518,NC,KT,수원
20180518,OB,LT,사직
20180518,SK,HT,광주
20180518,SS,WO,고척
20180519,HH,LG,잠실
20180519,NC,KT,수원
20180519,OB,LT,사직
20180519,SK,HT,광주
20180519,SS,WO,고척
20180520,HH,LG,잠실
20180520,NC,KT,수원
20180520,OB,LT,사직
20180520,SK,HT,광주
20180520,SS,WO,고척
20180522,KT,HT,광주
20180522,LT,SS,대구
20180522,NC,LG,잠실
20180522,OB,HH,대전
20180522,WO,SK,문학
20180523,KT,HT,광주
20180523,LT,SS,대구
20180523,NC,LG,잠실
20180523,OB,HH,대전
20180523,WO,SK,문학
20180524,KT,HT,광주
20180524,LT,SS,대구
20180524,NC,LG,잠실
20180524,OB,HH,대전
20180524,WO,SK,문학
20180525,HH,SK,문학
20180525,HT,NC,마산
20180525,LG,KT,수원
20180525,LT,WO,고척
20180525,SS,OB,잠실
20180526,HH,SK,문학
20180526,HT,NC,마산
20180526,LG,KT,수원
20180526,LT,WO,고척
20180526,SS,OB,잠실
20180527,HH,SK,문학
20180527,HT,NC,마산
20180527,LG,KT,수원
20180527,LT,WO,고척
20180527,SS,OB,잠실
20180529,KT,SS,대구
20180529,LG,LT,사직
20180529,NC,HH,대전
20180529,WO,HT,광주
20180530,KT,SS,대구
20180530,LG,LT,사직
20180530,NC,HH,대전
20180530,SK,OB,잠실
20180530,WO,HT,광주
20180531,KT,SS,대구
20180531,LG,LT,사직
20180531,NC,HH,대전
20180531,SK,OB,잠실
20180531,WO,HT,광주
20180601,HH,LT,사직
20180601,KT,SK,문학
20180601,OB,HT,광주
20180601,SS,NC,마산
20180601,WO,LG,잠실
20180602,HH,LT,사직
20180602,KT,SK,문학
20180602,OB,HT,광주
20180602,SS,NC,마산
20180602,WO,LG,잠실
20180603,HH,LT,사직
20180603,KT,SK,문학
20180603,OB,HT,광주
20180603,SS,NC,마산
20180603,WO,LG,잠실
20180605,HH,LG,잠실
20180605,HT,KT,수원
20180605,LT,NC,마산
20180605,OB,WO,고척
20180605,SS,SK,문학
20180606,HH,LG,잠실
20180606,HT,KT,수원
20180606,LT,NC,마산
20180606,OB,WO,고척
20180606,SS,SK,문학
20180607,HH,LG,잠실
20180607,HT,KT,수원
20180607,LT,NC,마산
20180607,OB,WO,고척
20180607,SS,SK,문학
20180608,HT,LT,사직
20180608,LG,SS,대구
20180608,NC,OB,잠실
20180608,SK,HH,대전
20180608,WO,KT,수원
20180609,HT,LT,사직
20180609,LG,SS,대구
20180609,NC,OB,잠실
20180609,SK,HH,대전
20180609,WO,KT,수원
20180610,LG,SS,대구
20180610,NC,OB,잠실
20180610,SK,HH,대전
20180610,WO,KT,수원
20180612,HH,WO,고척
20180612,KT,OB,잠실
20180612,LG,NC,마산
20180612,SK,HT,광주
20180612,SS,LT,사직
20180613,HH,WO,고척
20180613,KT,OB,잠실
20180613,LG,NC,마산
20180613,SK,HT,광주
20180613,SS,LT,사직
20180614,HH,WO,고척
20180614,KT,OB,잠실
20180614,LG,NC,마산
20180614,SK,HT,광주
20180614,SS,LT,사직
20180615,HT,LG,잠실
20180615,KT,NC,마산
20180615,LT,SK,문학
20180615,OB,HH,대전
20180615,SS,WO,고척
20180616,HT,LG,잠실
20180616,KT,NC,마산
20180616,LT,SK,문학
20180616,OB,HH,대전
20180616,SS,WO,고척
20180617,HT,LG,잠실
20180617,KT,NC,마산
20180617,LT,SK,문학
20180617,OB,HH,대전
20180617,SS,WO,고척
20180619,LG,HH,청주
20180619,LT,KT,수원
20180619,SK,SS,대구
20180619,WO,OB,잠실
20180620,LG,HH,청주
20180620,LT,KT,수원
20180620,NC,HT,광주
20180620,SK,SS,대구
20180620,WO,OB,잠실
20180621,LG,HH,청주
20180621,LT,KT,수원
20180621,NC,HT,광주
20180621,SK,SS,대구
20180621,WO,OB,잠실
20180622,HH,NC,마산
20180622,HT,WO,고척
20180622,LT,LG,잠실
20180622,OB,SS,대구
20180622,SK,KT,수원
20180623,HH,NC,마산
20180623,HT,WO,고척
20180623,LT,LG,잠실
20180623,OB,SS,대구
20180623,SK,KT,수원
20180624,HH,NC,마산
20180624,HT,WO,고척
20180624,LT,LG,잠실
20180624,OB,SS,대구
20180624,SK,KT,수원
20180626,OB,NC,마산
20180626,SS,HH,대전
20180626,WO,LT,사직
20180627,HT,SK,문학
20180627,KT,LG,잠실
20180627,OB,NC,마산
20180627,SS,HH,대전
20180627,WO,LT,사직
20180628,OB,NC,마산
20180628,SS,HH,대전
20180628,WO,LT,사직
20180629,HT,OB,잠실
20180629,LG,SK,문학
20180629,LT,HH,대전
20180629,NC,KT,수원
20180629,WO,SS,대구
20180630,HT,OB,잠실
20180630,LG,SK,문학
20180630,LT,HH,대전
20180630,NC,KT,수원
20180701,WO,SS,대구
20180703,HH,HT,광주
20180703,NC,LG,잠실
20180703,SK,WO,고척
20180704,HH,HT,광주
20180704,NC,LG,잠실
20180704,OB,LT,사직
20180704,SK,WO,고척
20180704,SS,KT,수원
20180705,HH,HT,광주
20180705,NC,LG,잠실
20180705,OB,LT,사직
20180705,SK,WO,고척
20180705,SS,KT,수원
20180706,HH,SK,문학
20180706,KT,LT,사직
20180706,LG,HT,광주
20180706,NC,WO,고척
20180706,SS,OB,잠실
20180707,HH,SK,문학
20180707,KT,LT,사직
20180707,LG,HT,광주
20180707,NC,WO,고척
20180707,SS,OB,잠실
20180708,HH,SK,문학
20180708,KT,LT,사직
20180708,LG,HT,광주
20180708,NC,WO,고척
20180708,SS,OB,잠실
20180710,HT,NC,마산
20180710,LT,SS,포항
20180710,OB,KT,수원
20180710,SK,LG,잠실
20180710,WO,HH,대전
20180711,HT,NC,마산
20180711,LT,SS,포항
20180711,OB,KT,수원
20180711,SK,LG,잠실
20180711,WO,HH,대전
20180712,HT,NC,마산
20180712,LT,SS,포항
20180712,OB,KT,수원
20180712,SK,LG,잠실
20180712,WO,HH,대전
20180717,HH,KT,수원
20180717,LG,WO,고척
20180717,LT,OB,잠실
20180717,NC,SK,문학
20180717,SS,HT,광주
20180718,HH,KT,수원
20180718,LG,WO,고척
20180718,LT,OB,잠실
20180718,NC,SK,문학
20180718,SS,HT,광주
20180719,HH,KT,수원
20180719,LG,WO,고척
20180719,LT,OB,잠실
20180719,NC,SK,문학
20180719,SS,HT,광주
20180720,HH,SS,대구
20180720,KT,HT,광주
20180720,OB,LG,잠실
20180720,SK,LT,사직
20180720,WO,NC,마산
20180721,HH,SS,대구
20180721,KT,HT,광주
20180721,OB,LG,잠실
20180721,SK,LT,사직
20180721,WO,NC,마산
20180722,HH,SS,대구
20180722,KT,HT,광주
20180722,OB,LG,잠실
20180722,SK,LT,사직
20180722,WO,NC,마산
20180724,HT,HH,대전
20180724,KT,WO,고척
20180724,NC,LT,사직
20180724,OB,SK,문학
20180724,SS,LG,잠실
20180725,HT,HH,대전
20180725,KT,WO,고척
20180725,NC,LT,사직
20180725,OB,SK,문학
20180725,SS,LG,잠실
20180726,HT,HH,대전
20180726,KT,WO,고척
20180726,NC,LT,사직
20180726,OB,SK,문학
20180726,SS,LG,잠실
20180727,HH,OB,잠실
20180727,HT,SS,대구
20180727,LG,KT,수원
20180727,LT,WO,고척
20180727,SK,NC,마산
20180728,HH,OB,잠실
20180728,HT,SS,대구
20180728,LG,KT,수원
20180728,LT,WO,고척
20180728,SK,NC,마산
20180729,HH,OB,잠실
20180729,HT,SS,대구
20180729,LG,KT,수원
20180729,LT,WO,고척
20180729,SK,NC,마산
20180731,KT,HH,대전
20180731,LG,OB,잠실
20180731,LT,HT,광주
20180731,NC,SS,대구
20180731,WO,SK,문학
20180801,KT,HH,대전
20180801,LG,OB,잠실
20180801,LT,HT,광주
20180801,NC,SS,대구
20180801,WO,SK,문학
20180802,KT,HH,대전
20180802,LG,OB,잠실
20180802,LT,HT,광주
20180802,NC,SS,대구
20180802,WO,SK,문학
20180804,NC,HH,대전
20180804,OB,HT,광주
20180804,SK,LG,잠실
20180804,SS,LT,사직
20180804,WO,KT,수원
20180805,NC,HH,대전
20180805,OB,HT,광주
20180805,SK,LG,잠실
20180805,SS,LT,사직
20180805,WO,KT,수원
20180807,HH,OB,잠실
20180807,HT,WO,고척
20180807,KT,NC,마산
20180807,LG,LT,울산
20180807,SS,SK,문학
20180808,HH,OB,잠실
20180808,HT,WO,고척
20180808,KT,NC,마산
20180808,LG,LT,울산
20180808,SS,SK,문학
20180809,LT,HT,광주
20180809,OB,KT,수원
20180809,SK,NC,마산
20180809,SS,LG,잠실
20180809,WO,HH,청주
20180810,OB,KT,수원
20180810,SK,NC,마산
20180810,SS,LG,잠실
20180810,WO,HH,청주
20180811,HT,SK,문학
20180811,KT,HH,대전
20180811,LG,WO,고척
20180811,LT,OB,잠실
20180811,NC,SS,대구
20180812,HT,SK,문학
20180812,KT,HH,대전
20180812,LG,WO,고척
20180812,LT,OB,잠실
20180812,NC,SS,대구
20180814,HH,LT,사직
20180814,LG,HT,광주
20180814,NC,KT,수원
20180814,SK,OB,잠실
20180814,WO,SS,대구
20180815,LG,HT,광주
20180815,NC,KT,수원
20180815,SK,OB,잠실
20180815,WO,SS,대구
20180816,HH,SS,대구
20180816,HT,LT,사직
20180816,LG,SK,문학
20180816,NC,KT,수원
20180816,WO,OB,잠실
20180904,HT,OB,잠실
20180904,LG,KT,수원
20180904,LT,HH,대전
20180904,SS,NC,마산
20180904,WO,SK,문학
20180905,HT,OB,잠실
20180905,LG,KT,수원
20180905,LT,HH,대전
20180905,SS,NC,마산
20180905,WO,SK,문학
20180906,HH,KT,수원
20180906,NC,LG,잠실
20180906,OB,SS,대구
20180906,SK,LT,울산
20180906,WO,HT,광주
20180907,HH,KT,수원
20180907,NC,LG,잠실
20180907,OB,SS,대구
20180907,SK,LT,울산
20180907,WO,HT,광주
20180908,HH,LG,잠실
20180908,KT,WO,고척
20180908,LT,NC,마산
20180908,OB,SK,문학
20180908,SS,HT,광주
20180909,HH,LG,잠실
20180909,KT,WO,고척
20180909,LT,NC,마산
20180909,OB,SK,문학
20180909,SS,HT,광주
20180911,HH,SS,대구
20180911,HT,NC,마산
20180911,KT,SK,문학
20180911,OB,LT,사직
20180911,WO,LG,잠실
20180912,HH,SS,대구
20180912,HT,NC,마산
20180912,KT,SK,문학
20180912,OB,LT,사직
20180912,WO,LG,잠실
20180913,KT,OB,잠실
20180913,LG,SS,대구
20180913,SK,HH,청주
20180914,HT,LT,사직
20180914,KT,OB,잠실
20180914,LG,SS,대구
20180914,SK,HH,청주
20180914,WO,NC,마산
20180915,LG,HH,대전
20180915,NC,OB,잠실
20180915,SK,HT,광주
20180915,SS,KT,수원
20180915,WO,LT,사직
20180916,LG,HH,대전
20180916,NC,OB,잠실
20180916,SK,HT,광주
20180916,SS,KT,수원
20180916,WO,LT,사직
20180918,HH,NC,마산
20180918,HT,SS,대구
20180918,LT,LG,잠실
20180918,OB,WO,고척
20180918,SK,KT,수원
20180919,HH,NC,마산
20180919,HT,SS,대구
20180919,LT,LG,잠실
20180919,OB,WO,고척
20180919,SK,KT,수원
20180920,HH,SK,문학
20180920,KT,LT,사직
20180920,NC,HT,광주
20180920,OB,LG,잠실
20180920,SS,WO,고척
20180921,HH,SK,문학
20180921,NC,HT,광주
20180921,OB,LG,잠실
20180921,SS,WO,고척
20180922,HT,HH,대전
20180922,KT,LG,잠실
20180922,LT,SS,대구
20180922,OB,NC,마산
20180922,SK,WO,고척
20180923,HT,HH,대전
20180923,KT,LG,잠실
20180923,LT,SS,대구
20180923,OB,NC,마산
20180923,SK,WO,고척
20180925,HT,KT,수원
20180925,LG,SK,문학
20180925,NC,LT,사직
20180925,SS,HH,대전
20180925,WO,OB,잠실
20180926,HT,KT,수원
20180926,LG,SK,문학
20180926,NC,LT,사직
20180926,SS,HH,대전
20180926,WO,OB,잠실
20180927,HT,LG,잠실
20180927,KT,SS,대구
20180927,LT,WO,고척
20180927,NC,SK,문학
20180927,OB,HH,대전
20180928,HT,LG,잠실
20180928,KT,SS,대구
20180928,LT,WO,고척
20180928,NC,SK,문학
20180928,OB,HH,대전
20180929,HH,HT,광주
20180929,LG,OB,잠실
20180929,LT,KT,수원
20180929,NC,WO,고척
20180929,SK,SS,대구
20180930,HH,HT,광주
20180930,LG,OB,잠실
20180930,LT,KT,수원
20180930,NC,WO,고척
20180930,SK,SS,대구
20181002,KT,LG,잠실
20181002,LT,SK,문학
20181002,NC,HT,광주
20181003,HT,SS,대구
20181003,KT,LG,잠실
20181003,LT,HH,대전
20181004,HT,SK,문학
20181004,LT,HH,대전
20181006,HH,LT,사직
20181006,HT,SK,문학
20181006,HT,SK,문학
20181006,LG,OB,잠실
20181006,SS,KT,수원
20181006,WO,NC,마산
20181007,HT,OB,잠실
20181007,LT,NC,마산
20181009,HH,KT,수원
20181009,HT,LT,사직
20181009,SS,SK,문학
20181010,HH,HT,광주
20181010,KT,LT,사직
20181010,KT,LT,사직
20181010,SK,OB,잠실
20181011,LT,HT,광주
20181011,SK,OB,잠실
20181012,LT,HT,광주
20181012,NC,OB,잠실
20181012,WO,KT,수원
20181013,KT,OB,잠실
20181013,LG,SK,문학
20181013,LT,HT,광주
20181013,NC,HH,대전
20181013,WO,SS,대구
20181014,OB,LT,사직
20190323,HH,OB,잠실
20190323,KT,SK,문학
20190323,LG,HT,광주
20190323,SS,NC,창원
20190323,WO,LT,사직
20190324,HH,OB,잠실
20190324,KT,SK,문학
20190324,LG,HT,광주
20190324,SS,NC,창원
20190324,WO,LT,사직
20190326,HH,HT,광주
20190326,KT,NC,창원
20190326,LG,SK,문학
20190326,SS,LT,사직
20190326,WO,OB,잠실
20190327,HH,HT,광주
20190327,KT,NC,창원
20190327,LG,SK,문학
20190327,SS,LT,사직
20190327,WO,OB,잠실
20190328,HH,HT,광주
20190328,KT,NC,창원
20190328,LG,SK,문학
20190328,SS,LT,사직
20190328,WO,OB,잠실
20190329,HT,KT,수원
20190329,LT,LG,잠실
20190329,NC,HH,대전
20190329,OB,SS,대구
20190329,SK,WO,고척
20190330,HT,KT,수원
20190330,LT,LG,잠실
20190330,NC,HH,대전
20190330,OB,SS,대구
20190330,SK,WO,고척
20190331,HT,KT,수원
20190331,LT,LG,잠실
20190331,NC,HH,대전
20190331,OB,SS,대구
20190331,SK,WO,고척
20190402,HT,SS,대구
20190402,KT,OB,잠실
20190402,LG,HH,대전
20190402,LT,SK,문학
20190402,WO,NC,창원
20190403,HT,SS,대구
20190403,KT,OB,잠실
20190403,LG,HH,대전
20190403,LT,SK,문학
20190403,WO,NC,창원
20190404,HT,SS,대구
20190404,KT,OB,잠실
20190404,LG,HH,대전
20190404,LT,SK,문학
20190404,WO,NC,창원
20190405,HH,LT,사직
20190405,LG,KT,수원
20190405,NC,OB,잠실
20190405,SS,SK,문학
20190405,WO,HT,광주
20190406,HH,LT,사직
20190406,LG,KT,수원
20190406,NC,OB,잠실
20190406,SS,SK,문학
20190406,WO,HT,광주
20190407,HH,LT,사직
20190407,LG,KT,수원
20190407,NC,OB,잠실
20190407,SS,SK,문학
20190409,KT,WO,고척
20190410,KT,WO,고척
20190410,NC,HT,광주
20190410,OB,LT,사직
20190410,SK,HH,대전
20190410,SS,LG,잠실
20190411,KT,WO,고척
20190411,NC,HT,광주
20190411,OB,LT,사직
20190411,SK,HH,대전
20190411,SS,LG,잠실
20190412,HH,WO,고척
20190412,HT,SK,문학
20190412,KT,SS,대구
20190412,LT,NC,창원
20190412,OB,LG,잠실
20190413,HH,WO,고척
20190413,HT,SK,문학
20190413,KT,SS,대구
20190413,LT,NC,창원
20190413,OB,LG,잠실
20190414,HH,WO,고척
20190414,HT,SK,문학
20190414,KT,SS,대구
20190414,LT,NC,창원
20190414,OB,LG,잠실
20190416,HH,KT,수원
20190416,HT,LT,사직
20190416,LG,NC,창원
20190416,SK,OB,잠실
20190416,WO,SS,포항
20190417,HH,KT,수원
20190417,HT,LT,사직
20190417,LG,NC,창원
20190417,SK,OB,잠실
20190417,WO,SS,포항
20190418,HH,KT,수원
20190418,HT,LT,사직
20190418,LG,NC,창원
20190418,SK,OB,잠실
20190418,WO,SS,포항
20190419,KT,LT,사직
20190419,NC,SK,문학
20190419,OB,HT,광주
20190419,SS,HH,대전
20190419,WO,LG,잠실
20190420,KT,LT,사직
20190420,NC,SK,문학
20190420,OB,HT,광주
20190420,SS,HH,대전
20190420,WO,LG,잠실
20190421,KT,LT,사직
20190421,NC,SK,문학
20190421,OB,HT,광주
20190421,SS,HH,대전
20190421,WO,LG,잠실
20190423,HT,LG,잠실
20190423,NC,KT,수원
20190423,OB,WO,고척
20190424,HT,LG,잠실
20190424,LT,HH,대전
20190424,NC,KT,수원
20190424,OB,WO,고척
20190424,SK,SS,대구
20190425,OB,WO,고척
20190425,SK,SS,대구
20190426,HT,WO,고척
20190426,LT,OB,잠실
20190426,SK,KT,수원
20190427,HH,NC,창원
20190427,HT,WO,고척
20190427,LG,SS,대구
20190427,LT,OB,잠실
20190427,SK,KT,수원
20190428,HH,NC,창원
20190428,HT,WO,고척
20190428,LG,SS,대구
20190428,LT,OB,잠실
20190428,SK,KT,수원
20190430,KT,LG,잠실
20190430,NC,LT,사직
20190430,OB,HH,대전
20190430,SS,HT,광주
20190430,WO,SK,문학
20190501,KT,LG,잠실
20190501,NC,LT,사직
20190501,OB,HH,대전
20190501,SS,HT,광주
20190501,WO,SK,문학
20190502,KT,LG,잠실
20190502,NC,LT,사직
20190502,OB,HH,대전
20190502,SS,HT,광주
20190502,WO,SK,문학
20190503,HT,NC,창원
20190503,KT,HH,대전
20190503,LG,OB,잠실
20190503,SK,LT,사직
20190503,SS,WO,고척
20190504,HT,NC,창원
20190504,KT,HH,대전
20190504,LG,OB,잠실
20190504,SK,LT,사직
20190504,SS,WO,고척
20190505,HT,NC,창원
20190505,KT,HH,대전
20190505,LG,OB,잠실
20190505,SK,LT,사직
20190505,SS,WO,고척
20190507,HH,SK,문학
20190507,HT,OB,잠실
20190507,LG,WO,고척
20190507,LT,KT,수원
20190507,NC,SS,대구
20190508,HH,SK,문학
20190508,HT,OB,잠실
20190508,LG,WO,고척
20190508,LT,KT,수원
20190508,NC,SS,대구
20190509,HH,SK,문학
20190509,HT,OB,잠실
20190509,LG,WO,고척
20190509,LT,KT,수원
20190509,NC,SS,대구
20190510,HH,LG,잠실
20190510,LT,SS,대구
20190510,OB,NC,창원
20190510,SK,HT,광주
20190510,WO,KT,수원
20190511,HH,LG,잠실
20190511,LT,SS,대구
20190511,OB,NC,창원
20190511,SK,HT,광주
20190511,WO,KT,수원
20190512,HH,LG,잠실
20190512,LT,SS,대구
20190512,OB,NC,창원
20190512,SK,HT,광주
20190512,WO,KT,수원
20190514,KT,HT,광주
20190514,LG,LT,사직
20190514,SK,NC,창원
20190514,SS,OB,잠실
20190514,WO,HH,대전
20190515,KT,HT,광주
20190515,LG,LT,사직
20190515,SK,NC,창원
20190515,SS,OB,잠실
20190515,WO,HH,대전
20190516,KT,HT,광주
20190516,LG,LT,사직
20190516,SK,NC,창원
20190516,SS,OB,잠실
20190516,WO,HH,대전
20190517,HT,HH,대전
20190517,LT,WO,고척
20190517,NC,LG,잠실
20190517,OB,SK,문학
20190517,SS,KT,수원
20190518,HT,HH,대전
20190518,LT,WO,고척
20190518,NC,LG,잠실
20190518,OB,SK,문학
20190518,SS,KT,수원
20190519,HT,HH,대전
20190519,LT,WO,고척
20190521,HH,SS,대구
20190521,LT,HT,광주
20190521,NC,WO,고척
20190521,OB,KT,수원
20190521,SK,LG,잠실
20190522,HH,SS,대구
20190522,LT,HT,광주
20190522,NC,WO,고척
20190522,OB,KT,수원
20190522,SK,LG,잠실
20190523,HH,SS,대구
20190523,LT,HT,광주
20190523,NC,WO,고척
20190523,OB,KT,수원
20190523,SK,LG,잠실
20190524,HH,OB,잠실
20190524,KT,HT,광주
20190524,LG,LT,사직
20190524,SK,NC,창원
20190524,WO,SS,대구
20190525,HH,OB,잠실
20190525,KT,HT,광주
20190525,LG,LT,사직
20190525,SK,NC,창원
20190525,WO,SS,대구
20190526,HH,OB,잠실
20190526,KT,HT,광주
20190526,LG,LT,사직
20190526,SK,NC,창원
20190526,WO,SS,대구
20190528,HT,HH,대전
20190528,KT,SK,문학
20190528,LG,WO,고척
20190528,LT,NC,창원
20190528,SS,OB,잠실
20190529,HT,HH,대전
20190529,KT,SK,문학
20190529,LG,WO,고척
20190529,LT,NC,창원
20190529,SS,OB,잠실
20190530,HT,HH,대전
20190530,KT,SK,문학
20190530,LG,WO,고척
20190530,LT,NC,창원
20190530,SS,OB,잠실
20190531,HH,SK,문학
20190531,NC,LG,잠실
20190531,OB,KT,수원
20190531,SS,LT,사직
20190531,WO,HT,광주
20190601,HH,SK,문학
20190601,NC,LG,잠실
20190601,OB,KT,수원
20190601,SS,LT,사직
20190601,WO,HT,광주
20190602,HH,SK,문학
20190602,NC,LG,잠실
20190602,OB,KT,수원
20190602,SS,LT,사직
20190602,WO,HT,광주
20190604,HH,LT,울산
20190604,KT,LG,잠실
20190604,NC,SS,대구
20190604,OB,HT,광주
20190604,SK,WO,고척
20190605,HH,LT,울산
20190605,KT,LG,잠실
20190605,NC,SS,대구
20190605,OB,HT,광주
20190605,SK,WO,고척
20190606,HH,LT,울산
20190606,KT,LG,잠실
20190606,NC,SS,대구
20190606,OB,HT,광주
20190606,SK,WO,고척
20190607,HT,NC,창원
20190607,LG,HH,대전
20190607,LT,KT,수원
20190607,SS,SK,문학
20190607,WO,OB,잠실
20190608,HT,NC,창원
20190608,LG,HH,대전
20190608,LT,KT,수원
20190608,SS,SK,문학
20190608,WO,OB,잠실
20190609,HT,NC,창원
20190609,LG,HH,대전
20190609,LT,KT,수원
20190609,SS,SK,문학
20190609,WO,OB,잠실
20190611,LT,LG,잠실
20190611,OB,HH,대전
20190611,SK,KT,수원
20190611,SS,HT,광주
20190611,WO,NC,창원
20190612,LT,LG,잠실
20190612,OB,HH,대전
20190612,SK,KT,수원
20190612,SS,HT,광주
20190612,WO,NC,창원
20190613,LT,LG,잠실
20190613,OB,HH,대전
20190613,SK,KT,수원
20190613,SS,HT,광주
20190613,WO,NC,창원
20190614,HH,WO,고척
20190614,KT,SS,대구
20190614,LG,OB,잠실
20190614,NC,SK,문학
20190615,HH,WO,고척
20190615,HT,LT,사직
20190615,KT,SS,대구
20190615,LG,OB,잠실
20190615,NC,SK,문학
20190616,HH,WO,고척
20190616,HT,LT,사직
20190616,KT,SS,대구
20190616,LG,OB,잠실
20190616,NC,SK,문학
20190618,KT,WO,고척
20190618,LG,SS,대구
20190618,LT,HH,대전
20190618,NC,OB,잠실
20190618,SK,HT,광주
20190619,KT,WO,고척
20190619,LG,SS,대구
20190619,LT,HH,대전
20190619,NC,OB,잠실
20190619,SK,HT,광주
20190620,KT,WO,고척
20190620,LG,SS,대구
20190620,LT,HH,대전
20190620,NC,OB,잠실
20190620,SK,HT,광주
20190621,HT,LG,잠실
20190621,NC,KT,수원
20190621,OB,SK,문학
20190621,SS,HH,대전
20190621,WO,LT,사직
20190622,HT,LG,잠실
20190622,NC,KT,수원
20190622,OB,SK,문학
20190622,SS,HH,대전
20190622,WO,LT,사직
20190623,HT,LG,잠실
20190623,NC,KT,수원
20190623,OB,SK,문학
20190623,SS,HH,대전
20190623,WO,LT,사직
20190625,HH,NC,창원
20190625,HT,WO,고척
20190625,KT,LT,사직
20190625,OB,SS,포항
20190625,SK,LG,잠실
20190626,HT,WO,고척
20190626,SK,LG,잠실
20190627,HH,NC,창원
20190627,HT,WO,고척
20190627,KT,LT,사직
20190627,OB,SS,포항
20190627,SK,LG,잠실
20190628,HT,KT,수원
20190628,LG,NC,창원
20190628,LT,OB,잠실
20190628,SK,SS,대구
20190628,WO,HH,대전
20190629,HT,KT,수원
20190629,LT,OB,잠실
20190630,HT,KT,수원
20190630,LG,NC,창원
20190630,LT,OB,잠실
20190630,SK,SS,대구
20190630,WO,HH,대전
20190702,HH,LG,잠실
20190702,LT,SK,문학
20190702,NC,HT,광주
20190702,OB,WO,고척
20190702,SS,KT,수원
20190703,HH,LG,잠실
20190703,LT,SK,문학
20190703,NC,HT,광주
20190703,OB,WO,고척
20190703,SS,KT,수원
20190704,HH,LG,잠실
20190704,LT,SK,문학
20190704,NC,HT,광주
20190704,OB,WO,고척
20190704,SS,KT,수원
20190705,KT,HH,대전
20190705,LG,HT,광주
20190705,LT,WO,고척
20190705,SK,OB,잠실
20190705,SS,NC,창원
20190706,KT,HH,대전
20190706,LG,HT,광주
20190706,LT,WO,고척
20190706,SK,OB,잠실
20190706,SS,NC,창원
20190707,KT,HH,대전
20190707,LG,HT,광주
20190707,LT,WO,고척
20190707,SK,OB,잠실
20190707,SS,NC,창원
20190709,HT,SS,대구
20190709,NC,LT,사직
20190709,OB,LG,잠실
20190709,SK,HH,대전
20190709,WO,KT,수원
20190711,HT,SS,대구
20190711,NC,LT,사직
20190711,OB,LG,잠실
20190711,SK,HH,대전
20190711,WO,KT,수원
20190712,HH,HT,광주
20190712,KT,NC,창원
20190712,OB,LT,사직
20190712,SS,LG,잠실
20190712,WO,SK,문학
20190713,HH,HT,광주
20190713,KT,NC,창원
20190713,OB,LT,사직
20190713,SS,LG,잠실
20190713,WO,SK,문학
20190714,HH,HT,광주
20190714,KT,NC,창원
20190714,OB,LT,사직
20190714,SS,LG,잠실
20190714,WO,SK,문학
20190716,KT,OB,잠실
20190716,LG,SK,문학
20190716,NC,HH,청주
20190716,SS,WO,고척
20190717,KT,OB,잠실
20190717,LG,SK,문학
20190717,LT,HT,광주
20190717,NC,HH,청주
20190717,SS,WO,고척
20190718,KT,OB,잠실
20190718,LG,SK,문학
20190718,LT,HT,광주
20190718,NC,HH,청주
20190718,SS,WO,고척
20190726,HH,SS,대구
20190726,NC,WO,고척
20190726,SK,LT,사직
20190727,HH,SS,대구
20190727,HT,OB,잠실
20190727,LG,KT,수원
20190727,NC,WO,고척
20190727,SK,LT,사직
20190728,HH,SS,대구
20190728,LG,KT,수원
20190728,NC,WO,고척
20190728,SK,LT,사직
20190730,HH,KT,수원
20190730,HT,SK,문학
20190730,LT,SS,대구
20190730,OB,NC,창원
20190730,WO,LG,잠실
20190731,HH,KT,수원
20190731,HT,SK,문학
20190731,LT,SS,대구
20190731,OB,NC,창원
20190731,WO,LG,잠실
20190801,HH,KT,수원
20190801,HT,SK,문학
20190801,LT,SS,대구
20190801,OB,NC,창원
20190801,WO,LG,잠실
20190803,KT,WO,고척
20190803,NC,HT,광주
20190803,OB,LT,사직
20190803,SK,HH,대전
20190803,SS,LG,잠실
20190804,KT,WO,고척
20190804,NC,HT,광주
20190804,OB,LT,사직
20190804,SK,HH,대전
20190804,SS,LG,잠실
20190806,HH,OB,잠실
20190806,KT,SK,문학
20190806,LG,HT,광주
20190807,HH,OB,잠실
20190807,KT,SK,문학
20190807,LG,HT,광주
20190807,SS,NC,창원
20190807,WO,LT,울산
20190808,HH,HT,광주
20190808,KT,OB,잠실
20190808,LG,NC,창원
20190808,LT,SS,대구
20190808,SK,WO,고척
20190809,HH,HT,광주
20190809,KT,OB,잠실
20190809,LG,NC,창원
20190809,LT,SS,대구
20190809,SK,WO,고척
20190810,HH,KT,수원
20190810,HT,SS,대구
20190810,LT,NC,창원
20190810,OB,WO,고척
20190810,SK,LG,잠실
20190811,HH,KT,수원
20190811,HT,SS,대구
20190811,LT,NC,창원
20190811,OB,WO,고척
20190811,SK,LG,잠실
20190813,KT,LT,사직
20190813,NC,HH,대전
20190813,OB,HT,광주
20190813,SS,SK,문학
20190813,WO,LG,잠실
20190814,KT,LT,사직
20190814,NC,HH,대전
20190814,OB,HT,광주
20190814,WO,LG,잠실
20190815,HH,LT,사직
20190815,NC,WO,고척
20190815,SK,HT,광주
20190816,HH,LT,사직
20190816,LG,OB,잠실
20190816,NC,WO,고척
20190816,SK,HT,광주
20190816,SS,KT,수원
20190817,HH,WO,고척
20190817,KT,HT,광주
20190817,LG,SS,대구
20190817,LT,OB,잠실
20190817,SK,NC,창원
20190818,HH,WO,고척
20190818,KT,HT,광주
20190818,LG,SS,대구
20190818,LT,OB,잠실
20190818,SK,NC,창원
20190820,HT,LG,잠실
20190820,LT,SK,문학
20190820,OB,NC,창원
20190820,SS,HH,대전
20190820,WO,KT,수원
20190821,HT,LG,잠실
20190821,LT,SK,문학
20190821,WO,KT,수원
20190822,HH,SK,문학
20190822,HT,WO,고척
20190822,LT,KT,수원
20190822,NC,LG,잠실
20190822,OB,SS,대구
20190823,HH,SK,문학
20190823,HT,WO,고척
20190823,LT,KT,수원
20190823,NC,LG,잠실
20190823,OB,SS,대구
20190824,HT,SK,문학
20190824,KT,LG,잠실
20190824,NC,LT,사직
20190824,OB,HH,대전
20190824,WO,SS,대구
20190825,HT,SK,문학
20190825,KT,LG,잠실
20190825,NC,LT,사직
20190825,OB,HH,대전
20190825,WO,SS,대구
20190827,KT,NC,창원
20190827,LG,LT,울산
20190827,SK,OB,잠실
20190827,SS,HT,광주
20190827,WO,HH,청주
20190828,KT,NC,창원
20190828,LG,LT,울산
20190828,SK,OB,잠실
20190828,SS,HT,광주
20190828,WO,HH,청주
20190829,HT,NC,창원
20190829,LT,WO,고척
20190829,OB,KT,수원
20190829,SK,SS,대구
20190830,HH,LG,잠실
20190830,HT,NC,창원
20190830,LT,WO,고척
20190830,OB,KT,수원
20190830,SK,SS,대구
20190831,KT,HH,대전
20190831,LG,SK,문학
20190831,LT,HT,광주
20190831,SS,OB,잠실
20190831,WO,NC,창원
20190901,KT,HH,대전
20190901,LG,SK,문학
20190901,LT,HT,광주
20190901,SS,OB,잠실
20190901,WO,NC,창원
20190903,HT,HH,대전
20190903,LG,KT,수원
20190903,NC,SK,문학
20190903,SS,LT,사직
20190903,WO,OB,잠실
20190904,HT,HH,대전
20190904,SS,LT,사직
20190905,HH,NC,창원
20190905,SS,WO,고척
20190906,HH,NC,창원
20190906,HT,KT,수원
20190906,LT,LG,잠실
20190906,SS,WO,고척
20190907,LT,HH,대전
20190907,NC,SS,대구
20190907,WO,HT,광주
20190908,LT,HH,대전
20190908,NC,SS,대구
20190908,OB,LG,잠실
20190908,SK,KT,수원
20190908,WO,HT,광주
20190910,HT,LT,사직
20190910,KT,SS,대구
20190910,LG,HH,청주
20190911,HT,LT,사직
20190911,KT,SS,대구
20190911,LG,HH,청주
20190911,NC,OB,잠실
20190911,WO,SK,문학
20190912,HT,OB,잠실
20190912,LG,WO,고척
20190912,NC,KT,수원
20190912,SK,LT,사직
20190913,HH,SS,대구
20190913,HT,OB,잠실
20190913,LG,WO,고척
20190913,NC,KT,수원
20190913,SK,LT,사직
20190914,HT,LG,잠실
20190914,LT,HH,대전
20190914,OB,SK,문학
20190914,SS,NC,창원
20190914,WO,KT,수원
20190915,KT,SK,문학
20190915,LT,HH,대전
20190915,OB,LG,잠실
20190915,SS,NC,창원
20190916,HH,SS,대구
20190916,LG,KT,수원
20190916,WO,OB,잠실
20190917,NC,HT,광주
20190917,WO,HH,대전
20190918,LG,SS,포항
20190918,LT,HT,광주
20190918,NC,SK,문학
20190919,HT,SS,대구
20190919,LG,NC,창원
20190919,OB,SK,문학
20190919,OB,SK,문학
20190920,HT,OB,잠실
20190920,KT,LT,사직
20190920,SS,HH,대전
20190920,WO,SK,문학
20190921,HT,OB,잠실
20190921,SS,KT,수원
20190922,LG,OB,잠실
20190923,HH,LG,잠실
20190923,HT,KT,수원
20190923,NC,LT,사직
20190924,OB,NC,창원
20190924,SK,KT,수원
20190924,SS,LG,잠실
20190924,WO,HT,광주
20190925,HH,NC,창원
20190925,OB,LT,사직
20190925,SS,SK,문학
20190926,HH,NC,창원
20190926,HT,LT,사직
20190926,LG,KT,수원
20190926,OB,SS,대구
20190927,NC,LG,잠실
20190927,SK,SS,대구
20190928,HH,OB,잠실
20190928,LG,HT,광주
20190928,NC,KT,수원
20190928,SK,SS,대구
20190929,OB,LG,잠실
20190929,SK,HH,대전
20190929,SS,KT,수원
20190929,WO,LT,사직
20190930,LT,LG,잠실
20190930,SK,HH,대전
20191001,NC,OB,잠실
20191001,WO,LT,사직
20200505,HH,SK,문학
20200505,LT,KT,수원
20200505,NC,SS,대구
20200505,OB,LG,잠실
20200505,WO,HT,광주
20200506,HH,SK,문학
20200506,LT,KT,수원
20200506,NC,SS,대구
20200506,OB,LG,잠실
20200506,WO,HT,광주
20200507,HH,SK,문학
20200507,LT,KT,수원
20200507,NC,SS,대구
20200507,OB,LG,잠실
20200507,WO,HT,광주
20200508,HH,WO,고척
20200508,HT,SS,대구
20200508,KT,OB,잠실
20200508,LG,NC,창원
20200508,SK,LT,사직
20200509,HH,WO,고척
20200509,HT,SS,대구
20200510,HH,WO,고척
20200510,HT,SS,대구
20200510,KT,OB,잠실
20200510,LG,NC,창원
20200510,SK,LT,사직
20200512,HT,HH,대전
20200512,KT,NC,창원
20200512,OB,LT,사직
20200512,SK,LG,잠실
20200512,SS,WO,고척
20200513,HT,HH,대전
20200513,KT,NC,창원
20200513,OB,LT,사직
20200513,SK,LG,잠실
20200513,SS,WO,고척
20200514,HT,HH,대전
20200514,KT,NC,창원
20200514,OB,LT,사직
20200514,SK,LG,잠실
20200514,SS,WO,고척
20200515,LT,HH,대전
20200515,NC,SK,문학
20200515,OB,HT,광주
20200515,SS,KT,수원
20200516,LT,HH,대전
20200516,NC,SK,문학
20200516,OB,HT,광주
20200516,SS,KT,수원
20200516,WO,LG,잠실
20200516,WO,LG,잠실
20200517,LT,HH,대전
20200517,NC,SK,문학
20200517,OB,HT,광주
20200517,SS,KT,수원
20200517,WO,LG,잠실
20200519,HH,KT,수원
20200519,LG,SS,대구
20200519,LT,HT,광주
20200519,NC,OB,잠실
20200519,SK,WO,고척
20200520,HH,KT,수원
20200520,LG,SS,대구
20200520,LT,HT,광주
20200520,NC,OB,잠실
20200520,SK,WO,고척
20200521,HH,KT,수원
20200521,LG,SS,대구
20200521,LT,HT,광주
20200521,NC,OB,잠실
20200521,SK,WO,고척
20200522,HH,NC,창원
20200522,HT,SK,문학
20200522,KT,LG,잠실
20200522,OB,SS,대구
20200522,WO,LT,사직
20200523,HH,NC,창원
20200523,HT,SK,문학
20200523,KT,LG,잠실
20200523,OB,SS,대구
20200523,WO,LT,사직
20200524,HH,NC,창원
20200524,HT,SK,문학
20200524,KT,LG,잠실
20200524,OB,SS,대구
20200524,WO,LT,사직
20200526,HT,KT,수원
20200526,LG,HH,대전
20200526,SK,OB,잠실
20200526,SS,LT,사직
20200526,WO,NC,창원
20200527,HT,KT,수원
20200527,LG,HH,대전
20200527,SK,OB,잠실
20200527,SS,LT,사직
20200527,WO,NC,창원
20200528,HT,KT,수원
20200528,LG,HH,대전
20200528,SK,OB,잠실
20200528,SS,LT,사직
20200528,WO,NC,창원
20200529,HH,SK,문학
20200529,KT,WO,고척
20200529,LG,HT,광주
20200529,LT,OB,잠실
20200529,NC,SS,대구
20200530,HH,SK,문학
20200530,KT,WO,고척
20200530,LG,HT,광주
20200530,LT,OB,잠실
20200530,NC,SS,대구
20200531,HH,SK,문학
20200531,KT,WO,고척
20200531,LG,HT,광주
20200531,LT,OB,잠실
20200531,NC,SS,대구
20200602,LT,HT,광주
20200602,OB,KT,수원
20200602,SK,NC,창원
20200602,SS,LG,잠실
20200602,WO,HH,대전
20200603,LT,HT,광주
20200603,OB,KT,수원
20200603,SK,NC,창원
20200603,SS,LG,잠실
20200603,WO,HH,대전
20200604,LT,HT,광주
20200604,OB,KT,수원
20200604,SK,NC,창원
20200604,SS,LG,잠실
20200604,WO,HH,대전
20200605,HT,OB,잠실
20200605,KT,LT,사직
20200605,LG,WO,고척
20200605,NC,HH,대전
20200605,SS,SK,문학
20200606,HT,OB,잠실
20200606,KT,LT,사직
20200606,LG,WO,고척
20200606,NC,HH,대전
20200606,SS,SK,문학
20200607,HT,OB,잠실
20200607,KT,LT,사직
20200607,LG,WO,고척
20200607,NC,HH,대전
20200607,SS,SK,문학
20200609,HH,LT,사직
20200609,HT,KT,수원
20200609,OB,NC,창원
20200609,SK,LG,잠실
20200609,WO,SS,대구
20200610,HH,LT,사직
20200610,HT,KT,수원
20200610,OB,NC,창원
20200610,WO,SS,대구
20200611,HH,LT,사직
20200611,HT,KT,수원
20200611,OB,NC,창원
20200611,SK,LG,잠실
20200611,SK,LG,잠실
20200611,WO,SS,대구
20200612,HT,SK,문학
20200612,LT,LG,잠실
20200612,OB,HH,대전
20200612,WO,NC,창원
20200613,HT,SK,문학
20200613,KT,SS,대구
20200613,KT,SS,대구
20200613,LT,LG,잠실
20200613,OB,HH,대전
20200613,WO,NC,창원
20200614,HT,SK,문학
20200614,KT,SS,대구
20200614,LT,LG,잠실
20200614,OB,HH,대전
20200614,WO,NC,창원
20200616,KT,SK,문학
20200616,LG,HH,대전
20200616,LT,WO,고척
20200616,NC,HT,광주
20200616,SS,OB,잠실
20200617,KT,SK,문학
20200617,LG,HH,대전
20200617,LT,WO,고척
20200617,NC,HT,광주
20200617,SS,OB,잠실
20200618,KT,SK,문학
20200618,LG,HH,대전
20200618,LT,WO,고척
20200618,SS,OB,잠실
20200619,HH,NC,창원
20200619,LT,KT,수원
20200619,OB,LG,잠실
20200619,SK,WO,고척
20200619,SS,HT,광주
20200620,HH,NC,창원
20200620,LT,KT,수원
20200620,OB,LG,잠실
20200620,SK,WO,고척
20200620,SS,HT,광주
20200621,HH,NC,창원
20200621,LT,KT,수원
20200621,OB,LG,잠실
20200621,SK,WO,고척
20200621,SS,HT,광주
20200623,HH,SS,대구
20200623,HT,LT,사직
20200623,NC,KT,수원
20200623,OB,SK,문학
20200623,WO,LG,잠실
20200624,HH,SS,대구
20200625,HH,SS,대구
20200625,NC,KT,수원
20200625,NC,KT,수원
20200625,OB,SK,문학
20200625,OB,SK,문학
20200625,WO,LG,잠실
20200625,WO,LG,잠실
20200626,HT,WO,고척
20200626,KT,HH,대전
20200626,LG,SK,문학
20200626,NC,OB,잠실
20200626,SS,LT,사직
20200627,HT,WO,고척
20200627,KT,HH,대전
20200627,LG,SK,문학
20200627,NC,OB,잠실
20200627,SS,LT,사직
20200628,HT,WO,고척
20200628,KT,HH,대전
20200628,LG,SK,문학
20200628,NC,OB,잠실
20200628,SS,LT,사직
20200630,KT,LG,잠실
20200630,LT,NC,창원
20200630,OB,WO,고척
20200630,SK,SS,대구
20200701,HH,HT,광주
20200701,KT,LG,잠실
20200701,LT,NC,창원
20200701,OB,WO,고척
20200701,SK,SS,대구
20200702,HH,HT,광주
20200702,KT,LG,잠실
20200702,LT,NC,창원
20200702,OB,WO,고척
20200702,SK,SS,대구
20200703,HH,OB,잠실
20200703,HT,NC,창원
20200703,LG,SS,대구
20200703,SK,LT,사직
20200703,WO,KT,수원
20200704,HH,OB,잠실
20200704,HT,NC,창원
20200704,LG,SS,대구
20200704,SK,LT,사직
20200704,WO,KT,수원
20200705,HH,OB,잠실
20200705,HT,NC,창원
20200705,LG,SS,대구
20200705,SK,LT,사직
20200705,WO,KT,수원
20200707,KT,HT,광주
20200707,LG,OB,잠실
20200707,LT,HH,대전
20200707,NC,SK,문학
20200707,SS,WO,고척
20200708,KT,HT,광주
20200708,LG,OB,잠실
20200708,LT,HH,대전
20200708,NC,SK,문학
20200708,SS,WO,고척
20200709,KT,HT,광주
20200709,LG,OB,잠실
20200709,LT,HH,대전
20200709,NC,SK,문학
20200709,SS,WO,고척
20200710,NC,LG,잠실
20200710,OB,LT,사직
20200710,SK,HH,대전
20200710,SS,KT,수원
20200710,WO,HT,광주
20200711,NC,LG,잠실
20200711,OB,LT,사직
20200711,SK,HH,대전
20200711,SS,KT,수원
20200711,WO,HT,광주
20200713,SK,HH,대전
20200713,WO,HT,광주
20200714,HH,KT,수원
20200714,HT,SS,대구
20200714,LG,LT,사직
20200714,NC,WO,고척
20200714,SK,OB,잠실
20200715,HH,KT,수원
20200715,HT,SS,대구
20200715,LG,LT,사직
20200715,NC,WO,고척
20200715,SK,OB,잠실
20200716,HH,KT,수원
20200716,HT,SS,대구
20200716,LG,LT,사직
20200716,NC,WO,고척
20200716,SK,OB,잠실
20200717,HH,LG,잠실
20200717,KT,NC,창원
20200717,LT,SS,대구
20200717,OB,HT,광주
20200717,WO,SK,문학
20200718,HH,LG,잠실
20200718,KT,NC,창원
20200718,LT,SS,대구
20200718,OB,HT,광주
20200718,WO,SK,문학
20200719,HH,LG,잠실
20200719,KT,NC,창원
20200719,LT,SS,대구
20200719,OB,HT,광주
20200719,WO,SK,문학
